id;sexo;idade;default;estado_civil
767712558;1;59;M;1;graduacao;solteiro;$60K - $80K;blue;53;2;3;3;14979.44;530.36;10
713741358;1;46;M;5;mestrado;solteiro;$80K - $120K;blue;33;6;3;3;32975.61;597.86;17
772390908;1;59;M;0;ensino medio;solteiro;$40K - $60K;blue;48;2;3;4;3616.78;687.81;17
719211558;1;45;M;2;mestrado;solteiro;$60K - $80K;blue;36;1;2;1;3401.34;744.28;18
709547658;1;39;M;2;sem educacao formal;solteiro;$60K - $80K;blue;36;5;3;3;13961.22;783.91;20
711791583;1;52;F;1;mestrado;solteiro;menos que $40K;blue;40;1;2;2;2317.39;884.01;19
712315683;1;53;F;2;sem educacao formal;solteiro;menos que $40K;blue;45;1;1;1;1981.93;973.88;25
714272658;1;43;F;2;sem educacao formal;solteiro;menos que $40K;blue;24;2;2;3;2962.93;929.33;31
767294658;1;56;M;2;graduacao;solteiro;$120K +;blue;50;2;3;2;16867.12;654.61;14
708241233;1;52;F;3;doutorado;solteiro;menos que $40K;blue;47;3;2;3;2972.3;922.94;25
716223708;1;45;F;3;sem educacao formal;solteiro;na;blue;36;3;3;3;4028.27;791.44;22
719443683;1;50;M;1;na;solteiro;$120K +;blue;39;3;3;2;27512.95;1149.6;25
711242058;1;48;M;4;na;solteiro;$80K - $120K;blue;36;1;1;3;11862.19;643.07;16
720605808;1;53;F;1;mestrado;solteiro;menos que $40K;blue;36;2;3;2;1438.29;799.32;17
719309958;1;55;M;3;doutorado;solteiro;$80K - $120K;blue;35;4;3;1;20865.47;837.79;25
808897683;1;53;M;1;mestrado;solteiro;$80K - $120K;blue;48;3;3;3;30271.39;3231.76;47
716991933;1;53;F;3;sem educacao formal;solteiro;menos que $40K;blue;35;6;1;3;9786.48;820.19;25
712373208;1;43;M;3;doutorado;solteiro;$60K - $80K;blue;35;3;2;3;3312.82;647.94;19
708455883;1;57;M;1;mestrado;solteiro;$80K - $120K;blue;36;2;2;3;10244.3;1127.79;29
711147483;1;46;F;3;mestrado;solteiro;menos que $40K;blue;28;2;3;2;8551.53;1097.06;32
720426708;1;56;M;3;ensino medio;solteiro;$60K - $80K;blue;45;2;3;1;8512.67;811.43;27
708983658;1;51;M;2;sem educacao formal;solteiro;$120K +;blue;39;3;1;3;16868.99;940.96;25
721249158;1;42;M;2;sem educacao formal;solteiro;$60K - $80K;blue;30;2;3;2;6414.81;708.53;14
713845083;1;41;F;4;ensino medio;solteiro;menos que $40K;blue;36;6;3;2;4203.33;1489.35;43
712240083;1;38;F;3;na;solteiro;menos que $40K;blue;30;6;2;2;3730.45;858.77;22
720007383;1;41;F;2;na;solteiro;na;blue;28;2;3;1;4411.05;803.78;15
739594758;1;51;F;2;mestrado;solteiro;menos que $40K;blue;44;6;2;3;3181.84;818.87;16
712924383;1;55;M;3;na;solteiro;$60K - $80K;blue;36;3;2;2;8411.79;990.51;22
714983283;1;39;F;3;ensino medio;solteiro;menos que $40K;blue;36;6;3;1;3651.17;862.3;19
809951133;1;54;M;3;graduacao;solteiro;$120K +;blue;49;3;3;2;34516.27;2115.23;24
720141408;1;49;F;2;mestrado;solteiro;menos que $40K;blue;31;5;2;1;5456.89;1096.29;27
712196508;1;46;F;3;ensino medio;solteiro;na;blue;34;4;3;3;29543.1;1015.03;27
713206683;1;40;M;4;mestrado;solteiro;$80K - $120K;silver;22;3;3;1;34516.01;1028.94;26
778388358;1;56;M;3;mestrado;solteiro;$60K - $80K;blue;36;2;3;2;4742.58;870.54;24
709707033;1;45;M;3;mestrado;solteiro;$60K - $80K;blue;32;2;2;3;13162;1424.3;38
711772008;1;35;F;3;mestrado;solteiro;menos que $40K;blue;22;1;1;2;1890.92;1484;36
821179233;1;50;F;1;doutorado;solteiro;$40K - $60K;blue;46;1;3;3;1493.82;1554.37;43
813752433;1;43;F;3;mestrado;solteiro;menos que $40K;blue;38;5;4;2;4075.5;2449.43;27
708083283;1;58;M;0;na;solteiro;$40K - $60K;blue;45;3;3;1;3421.03;992.47;21
806407308;1;54;F;3;graduacao;solteiro;na;blue;49;6;3;2;13184.39;2047.31;33
758583708;1;37;F;3;mestrado;solteiro;menos que $40K;blue;24;2;4;1;2802.07;1406.69;28
778708533;1;26;F;0;ensino medio;solteiro;$40K - $60K;blue;13;2;4;2;1730.81;869.43;27
713259858;1;26;M;0;ensino medio;solteiro;$40K - $60K;blue;15;3;3;1;3324.61;982.3;22
790145733;1;40;M;3;graduacao;solteiro;$80K - $120K;silver;33;1;4;3;34516.73;1112.87;26
804668658;1;26;F;0;sem educacao formal;solteiro;menos que $40K;blue;20;3;4;2;1438.45;947.06;20
819610908;1;38;M;2;sem educacao formal;solteiro;$80K - $120K;blue;33;1;4;4;32938.39;1137;26
808273533;1;39;M;2;ensino medio;solteiro;$60K - $80K;blue;34;3;3;4;1818.6;2054.43;55
716382708;1;46;F;2;mestrado;solteiro;menos que $40K;blue;36;3;3;4;8309.29;1165.03;35
711357858;1;47;F;3;mestrado;solteiro;menos que $40K;blue;36;5;4;3;7246.31;777.75;13
711816108;1;40;M;3;ensino medio;solteiro;$80K - $120K;blue;29;2;4;2;18563.58;2395.68;45
789777408;1;26;F;0;doutorado;solteiro;menos que $40K;blue;15;3;3;2;1442.04;1134.53;26
720427683;1;58;M;2;sem educacao formal;solteiro;$120K +;blue;46;2;4;3;16163.43;2171.93;48
717930483;1;37;M;2;mestrado;solteiro;$120K +;blue;25;3;0;3;5616.16;1564.36;31
715651833;1;65;M;1;na;solteiro;menos que $40K;blue;36;3;4;4;2351.21;1593.07;35
715517733;1;46;F;3;ensino medio;solteiro;menos que $40K;silver;39;1;4;0;13092.13;936.35;25
713021208;1;55;F;2;graduacao;solteiro;na;silver;36;2;3;3;34516.36;1353.03;40
713104458;1;46;M;2;mestrado;solteiro;$40K - $60K;blue;31;3;5;3;7869.97;998.77;25
715366083;1;52;F;0;doutorado;solteiro;menos que $40K;blue;36;2;3;2;1438.55;947.17;33
787463508;1;26;M;0;mestrado;solteiro;menos que $40K;blue;13;5;4;2;2469.41;1027.24;20
778381608;1;48;M;4;doutorado;solteiro;$80K - $120K;blue;28;3;4;3;6572.78;1766.5;46
710586483;1;26;F;0;ensino medio;solteiro;na;blue;13;1;4;2;6152.78;968.62;23
709785783;1;35;F;0;mestrado;solteiro;menos que $40K;blue;25;5;4;3;2300.64;1485.39;34
717813558;1;57;F;3;ensino medio;solteiro;na;blue;36;1;2;4;8389.36;1334.12;38
719470458;1;46;M;3;graduacao;solteiro;$80K - $120K;blue;39;1;3;4;4026.51;1102.59;27
789963033;1;54;F;1;mestrado;solteiro;menos que $40K;blue;45;3;5;5;1438.7;1603.17;39
709413933;1;56;M;2;ensino medio;solteiro;$40K - $60K;blue;40;2;4;6;2381.58;1920.71;46
709206333;1;44;F;4;mestrado;solteiro;$40K - $60K;blue;30;3;4;4;4333.34;1558.66;40
821149008;1;52;M;2;mestrado;solteiro;$80K - $120K;blue;48;6;4;2;34516.47;1661.37;40
772273983;1;48;M;4;sem educacao formal;solteiro;$40K - $60K;blue;37;1;4;3;5268.84;2138.96;40
709163358;1;41;M;5;na;solteiro;$60K - $80K;gold;32;2;4;3;34516.87;1727.41;35
827476983;1;56;F;2;graduacao;solteiro;menos que $40K;blue;52;3;1;5;3639.14;1865.33;42
708563433;1;65;F;0;ensino medio;solteiro;na;blue;56;3;3;6;5894.5;1616.72;32
738627708;1;49;F;2;na;solteiro;na;blue;41;5;4;3;5984.25;1838.16;42
828291858;1;38;M;3;graduacao;solteiro;$60K - $80K;blue;34;6;4;3;12050.56;2381.91;40
720725058;1;51;F;1;mestrado;solteiro;menos que $40K;blue;37;1;4;3;7176.29;1375.06;33
711935283;1;55;M;5;doutorado;solteiro;$80K - $120K;blue;47;3;4;1;1438.54;1427.26;36
720508233;1;62;M;0;na;solteiro;$40K - $60K;silver;42;3;4;4;17161.48;1898.36;42
716387733;1;49;M;4;mestrado;solteiro;$60K - $80K;blue;36;1;5;4;5662.39;1693.61;25
720758808;1;38;M;3;graduacao;solteiro;$60K - $80K;blue;18;5;5;1;16317.48;1995.94;54
813053733;1;53;M;4;na;solteiro;$120K +;blue;48;3;4;3;34516.47;3029.7;49
720529308;1;63;M;0;ensino medio;solteiro;$60K - $80K;blue;48;5;1;3;1856.62;1805.63;46
710278458;1;52;M;2;ensino medio;solteiro;$80K - $120K;blue;43;4;3;3;11617.19;1643.28;43
807593058;1;41;F;3;na;solteiro;$40K - $60K;blue;36;3;4;2;5317.83;2003.9;29
788030208;1;42;F;2;sem educacao formal;solteiro;menos que $40K;silver;33;1;3;2;13453.69;1904.87;42
720983733;1;44;M;3;na;solteiro;$60K - $80K;blue;36;2;3;3;15422.52;2136;54
710654808;1;46;M;4;mestrado;solteiro;$80K - $120K;blue;36;3;4;1;1818.32;2308.92;44
709224033;1;53;M;4;sem educacao formal;solteiro;$60K - $80K;blue;43;1;2;3;13720.73;1830.66;36
817889583;1;61;F;0;mestrado;solteiro;$40K - $60K;blue;56;3;4;3;9721.51;2260.06;46
716306583;1;64;M;0;mestrado;solteiro;menos que $40K;blue;36;3;5;3;3812.88;2325.97;45
721233033;1;50;M;2;ensino medio;solteiro;$80K - $120K;blue;38;1;3;2;4915.48;1474.31;36
779502333;1;50;M;4;mestrado;solteiro;$120K +;silver;32;5;2;3;34516.84;1480.02;37
709297608;1;38;M;3;graduacao;solteiro;$80K - $120K;blue;26;3;2;3;1438.95;1585.37;32
817977933;1;63;F;0;mestrado;solteiro;menos que $40K;blue;56;5;3;6;1931.7;2288.99;48
711538758;1;39;M;5;mestrado;solteiro;$60K - $80K;blue;36;1;3;3;24657.38;1954.5;46
719987733;1;51;F;3;na;solteiro;$40K - $60K;blue;38;3;3;3;5026.52;1844.22;37
789713208;1;62;F;0;doutorado;solteiro;menos que $40K;blue;50;6;5;3;2936.48;2692.77;29
772137183;1;52;M;2;mestrado;solteiro;$120K +;blue;41;1;1;3;31668.67;1822.35;36
821768658;1;52;M;0;na;solteiro;$120K +;blue;48;4;5;5;13114.7;2474.15;51
812449758;1;43;M;3;ensino medio;solteiro;$60K - $80K;blue;38;2;2;3;12254.92;2129.12;42
815085708;1;60;F;0;ensino medio;solteiro;$40K - $60K;blue;55;1;5;5;10882.26;1861.06;46
718197108;1;54;M;2;mestrado;solteiro;$80K - $120K;blue;36;5;3;3;12342.23;1430.24;37
708733983;1;50;F;1;doutorado;solteiro;$40K - $60K;blue;36;6;2;3;5349.46;2122.81;46
711205758;1;45;M;3;graduacao;solteiro;$80K - $120K;silver;33;1;3;3;34516.02;2534.11;43
716425833;1;38;M;2;mestrado;solteiro;$120K +;blue;36;5;1;2;34516.3;1797.63;35
815851233;1;52;M;3;ensino medio;solteiro;$120K +;blue;47;6;3;1;19032.71;1726.12;42
718877883;1;44;F;3;na;solteiro;menos que $40K;blue;36;3;1;1;5644.09;2440.36;44
822955008;1;63;M;1;mestrado;solteiro;$60K - $80K;blue;56;3;2;3;9569.38;2287.65;49
827117808;1;45;M;1;mestrado;solteiro;$60K - $80K;blue;41;2;2;3;9904.45;1152.56;28
709321908;1;47;M;3;ensino medio;solteiro;$80K - $120K;blue;29;2;3;2;7498.7;1676.63;51
772466508;1;45;M;3;na;solteiro;$60K - $80K;blue;35;6;1;2;18004.47;2030.38;45
737921733;1;62;F;1;na;solteiro;menos que $40K;blue;55;3;3;3;1892.59;1581.31;34
709435533;1;53;F;1;na;solteiro;menos que $40K;blue;41;2;2;3;3099.64;1401.11;44
719168883;1;45;F;5;na;solteiro;menos que $40K;blue;34;1;1;4;5155.71;2753.9;45
714212358;1;38;F;3;ensino medio;solteiro;na;blue;36;1;2;3;5260.04;2142.2;57
721104708;1;41;F;3;doutorado;solteiro;menos que $40K;blue;36;1;1;3;2067.7;3033.43;41
717461283;1;38;F;2;mestrado;solteiro;na;blue;24;3;3;2;2214.38;2066.16;45
803028858;1;38;F;2;mestrado;solteiro;menos que $40K;blue;32;2;3;3;3775.57;2031.6;36
712751133;1;42;M;3;doutorado;solteiro;$60K - $80K;blue;35;3;3;3;11328.07;1829.03;42
719770158;1;54;F;3;doutorado;solteiro;menos que $40K;blue;49;1;3;4;8516.67;2189.03;37
716271183;1;45;F;2;sem educacao formal;solteiro;menos que $40K;blue;37;3;2;2;8924.78;1720.02;42
816261858;1;61;M;0;mestrado;solteiro;$40K - $60K;blue;56;2;4;5;3984.36;1821.23;39
721308033;1;45;F;2;doutorado;solteiro;menos que $40K;blue;37;3;1;3;3036.88;2609.11;42
711012783;1;43;M;4;mestrado;solteiro;$120K +;blue;36;1;4;3;33384.09;2066.39;46
712235433;1;43;F;1;mestrado;solteiro;menos que $40K;blue;36;2;2;3;2886.23;2326.27;50
714377058;1;63;F;1;na;solteiro;menos que $40K;blue;36;3;4;3;1896.79;2186.52;50
718735908;1;47;M;4;mestrado;solteiro;$120K +;blue;35;3;3;4;7015.71;1799.22;51
804833058;1;49;M;3;na;solteiro;$80K - $120K;blue;44;1;4;3;4384.31;1832.94;49
709560258;1;49;F;3;mestrado;solteiro;na;blue;31;2;4;3;4946.64;2239.99;38
720362058;1;57;M;2;sem educacao formal;solteiro;$60K - $80K;silver;49;4;3;3;32182.25;1937.88;46
719602908;1;42;F;2;doutorado;solteiro;$40K - $60K;blue;34;3;3;3;5667.77;2064.78;42
709713033;1;55;M;1;graduacao;solteiro;$80K - $120K;blue;48;3;3;3;6846.66;1735.85;35
708633783;1;43;M;3;sem educacao formal;solteiro;$80K - $120K;blue;30;3;4;2;11336.87;1809.17;39
781306758;1;58;M;2;sem educacao formal;solteiro;$80K - $120K;blue;52;1;4;2;3091.44;1844.15;49
712294083;1;54;F;2;ensino medio;solteiro;na;blue;44;4;4;3;3778.3;2367.54;45
718220358;1;58;M;1;mestrado;solteiro;$120K +;blue;36;2;4;3;28618.22;1712.21;41
712656783;1;49;M;1;mestrado;solteiro;$120K +;blue;36;3;3;4;8136.05;2179.1;40
738899658;1;45;F;2;mestrado;solteiro;na;blue;38;6;3;2;3120.38;2468.97;43
714727833;1;41;F;2;sem educacao formal;solteiro;menos que $40K;blue;36;2;3;2;2892.88;2257.97;48
720598308;1;47;M;4;sem educacao formal;solteiro;$120K +;blue;37;3;6;2;34516.6;1736.17;35
717592758;1;44;F;3;na;solteiro;menos que $40K;blue;36;3;2;2;1606.81;2418.87;44
708687483;1;54;F;4;mestrado;solteiro;menos que $40K;silver;36;3;3;2;13626.16;1711.52;30
721451208;1;54;M;2;mestrado;solteiro;$60K - $80K;silver;45;2;2;3;30540.13;1980.53;36
718342158;1;38;F;4;mestrado;solteiro;menos que $40K;blue;26;2;2;2;4391.66;1849.81;36
716654808;1;48;M;4;ensino medio;solteiro;$120K +;blue;39;3;4;4;24593.41;2084.58;31
716564433;1;53;F;1;mestrado;solteiro;menos que $40K;blue;36;3;4;2;4287.11;1635.77;41
716022258;1;51;F;3;graduacao;solteiro;menos que $40K;blue;36;3;3;3;8960.48;1853.71;40
811527933;1;65;F;0;graduacao;solteiro;menos que $40K;silver;56;3;3;4;10885.54;2291.62;39
714972558;1;37;F;2;mestrado;solteiro;menos que $40K;blue;36;2;0;3;1610.86;2729.96;45
709709283;1;38;M;3;graduacao;solteiro;$40K - $60K;blue;19;1;4;2;3458.29;2256.65;40
780105483;1;65;F;0;sem educacao formal;solteiro;menos que $40K;blue;50;3;4;4;1697.36;2799.69;49
715294083;1;46;M;2;graduacao;solteiro;$80K - $120K;blue;38;2;2;3;10309.52;1760.7;40
772695033;1;47;M;5;ensino medio;solteiro;$80K - $120K;blue;37;3;4;4;18800.95;1575.61;23
780006783;1;59;M;1;sem educacao formal;solteiro;$40K - $60K;silver;49;3;2;2;15809.85;3109.16;48
771342183;1;53;F;3;mestrado;solteiro;$40K - $60K;blue;40;6;2;3;1625.63;2314.37;43
712901283;1;53;F;2;mestrado;solteiro;$40K - $60K;blue;36;2;2;3;2121.86;1464.82;32
718473558;1;42;F;3;doutorado;solteiro;menos que $40K;blue;18;5;4;3;8668.78;1402.89;38
717368208;1;49;M;1;mestrado;solteiro;$120K +;blue;36;6;4;2;26723.04;2138.1;43
772341783;1;45;F;3;ensino medio;solteiro;na;blue;35;3;6;2;3512.84;1801.65;48
715409733;1;47;F;4;graduacao;solteiro;menos que $40K;blue;36;2;3;2;2263.53;2385.59;33
709338633;1;56;F;1;mestrado;solteiro;$40K - $60K;blue;37;2;3;4;2339.49;1542.79;45
711245433;1;50;F;4;mestrado;solteiro;na;blue;41;5;3;3;2509.38;2281.56;41
708801108;1;57;F;3;sem educacao formal;solteiro;menos que $40K;blue;51;3;3;0;1438.32;2113.46;38
789382758;1;54;M;3;mestrado;solteiro;$40K - $60K;blue;44;6;3;3;5501.94;2050.23;51
721437333;1;46;M;2;mestrado;solteiro;$80K - $120K;blue;36;2;2;2;5054.04;2027.48;39
711626658;1;62;F;1;ensino medio;solteiro;menos que $40K;blue;36;2;4;3;1930.02;1971.62;45
717793983;1;55;M;3;mestrado;solteiro;$40K - $60K;silver;45;2;1;3;18128.87;2503.64;49
714119283;1;42;F;2;na;solteiro;$40K - $60K;blue;34;3;3;3;2516.85;2257.55;51
799239033;1;53;F;3;ensino medio;solteiro;$40K - $60K;blue;47;1;4;3;1714.39;2279.48;46
794707083;1;50;M;2;graduacao;solteiro;$80K - $120K;blue;44;5;4;2;3495.19;2131.28;41
787921383;1;53;M;0;ensino medio;solteiro;$120K +;silver;44;2;4;4;34516.05;1461.57;43
715405758;1;50;F;1;ensino medio;solteiro;na;blue;42;5;4;0;10057.66;2383.99;42
718515483;1;64;M;0;mestrado;solteiro;menos que $40K;blue;52;2;5;3;3570.21;3289.82;47
715664808;1;43;M;2;mestrado;solteiro;$80K - $120K;blue;30;3;3;3;34516.09;2427.76;51
716317458;1;51;F;2;doutorado;solteiro;menos que $40K;blue;36;3;3;3;4281.14;1723.41;44
717035283;1;46;M;1;mestrado;solteiro;$60K - $80K;blue;37;2;4;3;2445.58;2216.04;39
803113383;1;55;F;1;sem educacao formal;solteiro;menos que $40K;blue;49;3;3;4;3292.4;2222.27;54
713788083;1;28;F;1;mestrado;solteiro;menos que $40K;blue;36;4;5;2;1624.52;1897.07;35
780067158;1;51;F;2;sem educacao formal;solteiro;menos que $40K;blue;36;2;3;3;1746.86;1907.79;47
809599158;1;48;M;4;sem educacao formal;solteiro;$80K - $120K;silver;43;2;4;3;34516.54;1626.54;28
709798908;1;45;F;4;na;solteiro;menos que $40K;blue;32;3;4;3;2858.25;2611.09;43
821749608;1;41;M;3;mestrado;solteiro;$80K - $120K;blue;37;3;3;3;19402.85;1937.37;51
709444983;1;38;F;3;sem educacao formal;solteiro;$40K - $60K;blue;30;3;3;2;2435.02;1460.98;32
709563258;1;50;F;2;sem educacao formal;solteiro;na;blue;41;2;2;3;2751.23;2108.1;40
712257258;1;50;F;1;ensino medio;solteiro;menos que $40K;blue;36;4;5;2;1457.34;1441.51;39
710812533;1;46;F;3;ensino medio;solteiro;na;silver;36;4;3;2;34516.15;1987.38;46
715987758;1;49;M;3;mestrado;solteiro;$80K - $120K;blue;36;3;1;2;3261.65;3081.24;50
717103758;1;63;M;0;mestrado;solteiro;na;blue;55;5;2;0;18550.42;2616.22;42
721365033;1;37;M;3;sem educacao formal;solteiro;$40K - $60K;blue;36;3;4;2;1696.94;2095.44;43
712267983;1;57;F;0;mestrado;solteiro;menos que $40K;blue;45;4;3;3;3023.78;2477.98;42
802243458;1;48;M;2;doutorado;solteiro;$40K - $60K;blue;42;6;2;3;2760.66;1759.51;34
720784833;1;48;F;3;mestrado;solteiro;na;blue;36;3;1;3;1630.8;1884.81;43
721448283;1;39;F;1;mestrado;solteiro;menos que $40K;blue;26;3;1;3;1876.62;2579.51;47
718766058;1;56;M;2;mestrado;solteiro;$80K - $120K;blue;36;1;2;2;1438.03;2123.8;37
708798483;1;37;F;3;na;solteiro;na;blue;24;2;2;3;2054.66;2567.44;43
803800533;1;39;M;1;na;solteiro;$40K - $60K;blue;33;3;4;3;2088.54;2866.82;59
709488108;1;42;M;4;graduacao;solteiro;$40K - $60K;blue;36;5;3;2;10543.7;1841.17;39
819647358;1;38;M;2;na;solteiro;$60K - $80K;blue;33;2;2;3;12871.76;2414;53
789502308;1;57;F;3;na;solteiro;menos que $40K;blue;49;1;5;3;1551.38;2379.02;46
712038258;1;48;M;4;na;solteiro;$80K - $120K;blue;36;3;3;3;32838.07;2538.81;42
712864683;1;42;F;3;doutorado;solteiro;menos que $40K;blue;30;2;3;3;1438.5;1693.58;37
755467683;1;48;F;1;mestrado;solteiro;menos que $40K;blue;41;6;4;2;3001.57;2403.05;42
714479358;1;51;M;3;mestrado;solteiro;$80K - $120K;blue;36;6;3;3;3610.93;2216.88;34
712807758;1;47;F;3;mestrado;solteiro;menos que $40K;blue;39;3;3;3;1438.3;2476.19;32
824140908;1;52;M;3;sem educacao formal;solteiro;$120K +;blue;48;5;4;3;20974.65;1246.47;27
720444408;1;35;F;1;graduacao;solteiro;menos que $40K;blue;25;2;4;2;2231.99;2576.89;42
709170108;1;60;F;1;na;solteiro;$40K - $60K;blue;41;3;4;2;2425.22;1522.11;36
716056158;1;63;M;0;mestrado;solteiro;$60K - $80K;blue;51;3;3;3;11619.14;2395.06;49
715406658;1;47;F;1;na;solteiro;menos que $40K;blue;37;4;1;2;2173.04;2738.27;45
716625033;1;32;F;1;mestrado;solteiro;menos que $40K;blue;36;3;6;3;2761.49;2753.44;43
716782758;1;48;M;3;mestrado;solteiro;$60K - $80K;blue;42;3;4;2;19075.63;2013.95;32
708797583;1;49;F;4;na;solteiro;na;blue;31;6;3;3;2672.58;2576.71;39
711100608;1;55;M;1;sem educacao formal;solteiro;$60K - $80K;blue;48;5;2;2;1723.67;2574.72;43
768624258;1;55;F;2;mestrado;solteiro;menos que $40K;blue;49;2;2;1;1583.05;2541.27;36
719174433;1;36;F;1;na;solteiro;menos que $40K;blue;24;2;2;1;1735.13;2467.44;35
714346608;1;51;F;2;mestrado;solteiro;$40K - $60K;blue;36;3;4;1;1495.52;2220.53;50
823904133;1;53;F;2;graduacao;solteiro;na;blue;49;2;4;2;10195.76;2489.55;54
711646908;1;39;M;3;na;solteiro;$60K - $80K;blue;23;1;3;2;7821.11;2010.39;43
770024733;1;53;F;2;sem educacao formal;solteiro;$40K - $60K;blue;47;1;3;2;1699.21;2520.76;49
708702258;1;40;F;3;sem educacao formal;solteiro;na;blue;36;3;2;2;3698.08;2051.27;31
720519333;1;59;F;2;na;solteiro;na;blue;45;1;3;3;2721.59;2594.28;48
719564208;1;46;F;1;sem educacao formal;solteiro;$40K - $60K;blue;30;3;1;2;7195.35;2751.84;47
798041508;1;50;F;4;mestrado;solteiro;menos que $40K;blue;44;2;2;3;3201.07;1880.99;42
780201633;1;41;F;3;mestrado;solteiro;$40K - $60K;blue;31;4;2;3;5655;2189.07;51
712777233;1;65;M;0;mestrado;solteiro;na;blue;48;1;3;4;1671.72;2701.85;51
712706058;1;44;F;5;mestrado;solteiro;menos que $40K;blue;37;1;4;2;1491.48;1970.83;46
717448383;1;41;M;4;na;solteiro;$80K - $120K;blue;28;1;4;2;4428.33;2331.13;36
709161108;1;44;M;1;na;solteiro;$60K - $80K;blue;33;3;4;2;2540.22;1531.52;31
714089658;1;41;M;2;mestrado;solteiro;$60K - $80K;blue;36;3;1;2;2238.86;2063.47;42
714915633;1;42;M;0;ensino medio;solteiro;$60K - $80K;blue;36;4;6;3;15699.4;1793.13;40
794273283;1;51;M;3;sem educacao formal;solteiro;$80K - $120K;blue;45;3;3;3;25670.71;2709.16;51
788838033;1;45;M;2;graduacao;solteiro;$60K - $80K;blue;29;3;4;2;3841.48;2832.33;48
714084483;1;49;F;3;sem educacao formal;solteiro;na;blue;36;4;3;2;3855.56;1724.63;34
771795933;1;49;M;4;na;solteiro;$120K +;blue;38;3;4;3;34516.85;2376.09;55
804829533;1;59;M;0;ensino medio;solteiro;$60K - $80K;blue;54;3;6;6;24621.88;2864.69;51
812411058;1;49;F;0;sem educacao formal;solteiro;menos que $40K;blue;44;3;2;3;2094.82;2690.98;46
715609533;1;47;F;3;na;solteiro;menos que $40K;blue;35;1;3;3;5398.39;1887.09;36
779130108;1;33;F;0;sem educacao formal;solteiro;$40K - $60K;blue;15;3;6;2;1438.07;2527.16;49
716922633;1;38;M;2;sem educacao formal;solteiro;$120K +;blue;30;6;4;3;4043.85;2600.69;47
780496833;1;56;F;1;graduacao;solteiro;menos que $40K;blue;43;3;2;2;2846.6;2122.38;44
789081408;1;44;F;4;sem educacao formal;solteiro;menos que $40K;blue;32;6;4;3;1438.92;2527.24;45
823615983;1;54;M;2;sem educacao formal;solteiro;$40K - $60K;blue;50;2;3;1;3682.97;1642.22;35
713370033;1;53;F;0;mestrado;solteiro;menos que $40K;blue;40;4;4;1;1438.26;2014.23;53
719751483;1;39;F;2;sem educacao formal;solteiro;menos que $40K;blue;36;4;1;3;1438.5;2567.58;48
780038058;1;38;F;0;ensino medio;solteiro;menos que $40K;blue;22;3;5;2;1556.15;2283.19;46
712563408;1;33;M;2;sem educacao formal;solteiro;$40K - $60K;blue;18;1;6;1;5600.21;2296.9;46
778601733;1;55;F;3;ensino medio;solteiro;$40K - $60K;blue;47;5;3;4;2687.06;2370.78;34
720044658;1;53;M;1;doutorado;solteiro;$60K - $80K;blue;46;6;4;2;4573.26;2720.84;46
716668308;1;39;F;4;ensino medio;solteiro;na;blue;36;3;4;2;12405.65;3151.77;39
714058308;1;43;F;5;sem educacao formal;solteiro;menos que $40K;blue;36;5;4;3;2689.08;1941.11;53
713114133;1;42;F;2;sem educacao formal;solteiro;menos que $40K;blue;23;4;3;2;1443.24;2092.5;38
709495833;1;44;F;2;mestrado;solteiro;menos que $40K;blue;36;5;4;2;1438.9;1944.61;36
708681708;1;51;F;2;na;solteiro;menos que $40K;blue;43;5;2;3;3245.39;1977.05;29
711468708;1;38;F;4;ensino medio;solteiro;$40K - $60K;blue;31;4;2;3;1438.89;1986.97;52
821724483;1;48;M;4;na;solteiro;$40K - $60K;blue;43;2;2;3;11272.08;1455.23;34
709112508;1;42;F;3;graduacao;solteiro;menos que $40K;blue;36;3;4;3;3802.42;2165.78;36
719325783;1;65;M;2;na;solteiro;menos que $40K;blue;36;4;3;2;2954.48;1909.98;28
713980383;1;49;F;3;mestrado;solteiro;na;blue;38;1;4;2;11025.32;1902.26;28
715194183;1;53;F;2;na;solteiro;menos que $40K;blue;36;3;4;3;2575.71;2423.56;43
780292683;1;55;M;1;sem educacao formal;solteiro;$120K +;blue;41;3;4;4;24542.77;984.52;24
711116133;1;50;F;1;sem educacao formal;solteiro;menos que $40K;blue;37;3;4;2;1838.5;2461.07;47
713096583;1;40;F;1;ensino medio;solteiro;menos que $40K;blue;36;4;2;3;1438.95;2294.94;40
756025233;1;43;F;4;sem educacao formal;solteiro;menos que $40K;blue;36;5;2;3;2422.8;2437.34;44
711977508;1;56;F;2;sem educacao formal;solteiro;menos que $40K;blue;43;1;4;2;1440.67;2141.06;40
710666583;1;29;F;1;sem educacao formal;solteiro;menos que $40K;blue;36;3;4;2;2516.44;2321.78;36
717336408;1;51;F;1;doutorado;solteiro;menos que $40K;blue;45;5;1;3;1952.2;2452.08;44
821889858;1;50;F;1;doutorado;solteiro;na;blue;46;6;3;4;1970.13;2493.34;44
710661333;1;55;F;2;na;solteiro;na;blue;36;4;2;3;10241.05;2513.93;47
710570058;1;44;F;1;mestrado;solteiro;menos que $40K;blue;25;3;4;2;3101.25;2512.27;37
802247658;1;59;M;2;sem educacao formal;solteiro;$40K - $60K;blue;53;4;4;5;2699.09;2599.28;43
713590158;1;41;M;4;mestrado;solteiro;$60K - $80K;blue;34;5;4;2;5045.39;2042.88;40
718508883;1;43;F;3;na;solteiro;menos que $40K;blue;36;6;3;3;2325.39;2306.25;47
716107158;1;32;F;0;mestrado;solteiro;menos que $40K;blue;20;5;5;1;3983.38;3098.79;46
720234708;1;45;M;2;ensino medio;solteiro;$120K +;blue;33;6;2;3;15490.59;2429.16;50
716136333;1;40;F;4;sem educacao formal;solteiro;menos que $40K;blue;24;5;1;2;4212.72;2725.07;41
708154833;1;39;F;2;mestrado;solteiro;menos que $40K;blue;27;1;3;3;1438.08;2336.55;46
788941983;1;36;F;3;mestrado;solteiro;$40K - $60K;blue;22;1;1;3;2013.84;2425.21;50
787974108;1;37;F;1;ensino medio;solteiro;$40K - $60K;blue;27;4;2;2;1793.72;2374.04;40
710729358;1;40;F;2;ensino medio;solteiro;na;blue;30;6;4;3;6479.91;2539.05;42
717477783;1;49;F;4;na;solteiro;menos que $40K;silver;37;1;2;2;10195.35;1563.58;36
789942033;1;43;M;4;mestrado;solteiro;$60K - $80K;blue;34;5;3;3;10573.13;2237.14;43
717949008;1;40;F;4;ensino medio;solteiro;$40K - $60K;blue;29;5;3;2;1554.77;2341.61;43
713334483;1;46;M;1;doutorado;solteiro;$60K - $80K;blue;32;5;3;2;8766.47;2263.07;35
713025558;1;53;F;5;doutorado;solteiro;menos que $40K;blue;38;3;3;2;1438;1935.26;47
809565183;1;52;F;1;mestrado;solteiro;menos que $40K;blue;47;3;4;3;1842.78;2650.33;43
711151383;1;34;F;1;doutorado;solteiro;menos que $40K;blue;26;3;5;2;2066.61;2157.6;37
718812708;1;57;M;2;mestrado;solteiro;$120K +;blue;44;5;4;3;34516.06;1882.8;48
709505808;1;45;F;3;graduacao;solteiro;na;blue;33;5;4;3;4345.31;1918.61;31
714634983;1;44;F;1;na;solteiro;na;blue;36;3;3;3;3517.31;2403.26;48
709005633;1;62;M;0;ensino medio;solteiro;$60K - $80K;blue;51;3;4;2;18734.22;2112.5;52
713952558;1;53;F;3;doutorado;solteiro;na;blue;43;3;2;3;1790.59;2128.69;40
817332483;1;63;M;0;doutorado;solteiro;na;blue;47;6;3;4;7306.56;2445.85;43
720930633;1;58;F;0;ensino medio;solteiro;menos que $40K;blue;46;5;2;4;1977.36;2341.43;37
710136258;1;33;F;2;mestrado;solteiro;menos que $40K;blue;24;6;3;2;1806.85;2833.69;43
713526258;1;47;M;3;sem educacao formal;solteiro;$120K +;blue;36;3;4;3;34516.77;2020.51;33
708692583;1;44;F;2;ensino medio;solteiro;menos que $40K;blue;31;3;3;3;1506.21;2312.9;44
713815383;1;53;M;1;ensino medio;solteiro;$80K - $120K;blue;36;3;2;2;11778.08;2147.38;44
717450633;1;47;M;3;sem educacao formal;solteiro;$60K - $80K;blue;36;3;4;2;1659.92;1920.59;39
717646983;1;59;F;1;mestrado;solteiro;menos que $40K;blue;49;4;4;3;3214.4;2720.36;53
768632958;1;59;F;1;mestrado;solteiro;na;blue;49;3;6;4;8708.9;2508.71;49
712110333;1;37;F;3;ensino medio;solteiro;na;blue;18;4;3;1;2179.94;2568.22;48
712479633;1;31;F;1;na;solteiro;menos que $40K;blue;20;3;2;1;1695.35;2428.79;43
713314533;1;40;M;2;na;solteiro;$60K - $80K;blue;27;6;3;2;12283.85;1993.22;41
755996583;1;57;F;2;sem educacao formal;solteiro;menos que $40K;blue;50;5;3;0;2475.75;2574.99;43
769053033;1;44;F;1;mestrado;solteiro;$40K - $60K;blue;38;3;5;2;4142.93;2104.46;44
714581358;1;48;F;3;mestrado;solteiro;menos que $40K;blue;43;3;4;3;1502.13;2204.15;36
772394883;1;60;F;1;sem educacao formal;solteiro;na;blue;50;3;3;6;7359.36;2869.32;43
709729533;1;47;M;3;sem educacao formal;solteiro;$40K - $60K;blue;39;4;1;3;1809.88;2169.13;49
714102183;1;50;M;3;sem educacao formal;solteiro;$120K +;blue;36;1;3;2;7970.04;1872.48;41
715410783;1;55;F;1;na;solteiro;menos que $40K;blue;36;5;3;2;1836.01;2400.54;34
755661933;1;48;F;3;mestrado;solteiro;$40K - $60K;blue;41;5;3;3;1899.41;2434.75;45
716669658;1;51;F;1;ensino medio;solteiro;menos que $40K;blue;33;6;3;3;2006.78;2760.72;38
802673508;1;57;M;2;mestrado;solteiro;$120K +;blue;51;3;3;5;8760.09;2460.87;39
721032633;1;55;F;3;na;solteiro;$40K - $60K;blue;32;5;4;3;2496.19;2590.45;50
714192933;1;55;F;3;mestrado;solteiro;menos que $40K;blue;36;3;5;3;2060.43;1976.52;44
718975083;1;47;F;4;mestrado;solteiro;menos que $40K;blue;40;6;3;4;2473.14;2133.94;44
710116833;1;59;F;1;ensino medio;solteiro;$40K - $60K;blue;36;5;3;3;1665.23;2748.99;40
815908908;1;47;F;4;sem educacao formal;solteiro;na;blue;42;3;3;4;6263.36;2613.73;50
712927383;1;51;F;2;sem educacao formal;solteiro;menos que $40K;blue;36;3;3;3;1438.41;1939.4;49
708708858;1;50;F;1;mestrado;solteiro;menos que $40K;blue;36;1;4;3;2422.13;2548.98;46
771723408;1;37;F;2;na;solteiro;menos que $40K;blue;25;3;4;2;1690.28;2645.65;60
713569158;1;43;F;3;ensino medio;solteiro;$40K - $60K;blue;34;1;2;3;1654.36;2086.8;47
714010383;1;47;F;5;sem educacao formal;solteiro;na;blue;40;5;5;4;3502.92;1895.64;42
708412758;1;33;F;3;mestrado;solteiro;menos que $40K;blue;36;5;3;2;1457.37;2200.69;45
713158083;1;56;M;2;ensino medio;solteiro;$120K +;blue;46;2;4;4;7327.89;2185.15;41
720010608;1;37;M;2;na;solteiro;$40K - $60K;blue;24;6;4;2;10226.74;2243.63;44
711939558;1;37;F;2;na;solteiro;menos que $40K;blue;36;3;3;2;1534.9;2596.89;39
716924958;1;65;F;2;mestrado;solteiro;menos que $40K;blue;56;3;3;0;6812.37;2288.37;48
819943458;1;57;M;3;mestrado;solteiro;$120K +;blue;52;6;3;4;34516.37;1777.32;37
772073508;1;52;F;1;graduacao;solteiro;menos que $40K;blue;41;5;6;3;1764.43;2740.96;47
711801933;1;54;F;4;ensino medio;solteiro;$40K - $60K;blue;36;3;4;3;1438.26;2092.24;42
816378033;1;46;M;4;sem educacao formal;solteiro;$80K - $120K;gold;41;6;2;3;34516.42;1989.82;47
717202083;1;46;M;2;na;solteiro;$80K - $120K;blue;34;2;3;3;7077.83;2619.33;41
711507783;1;54;F;2;doutorado;solteiro;menos que $40K;blue;42;3;3;4;1694.15;1930.48;41
716856408;1;39;F;4;mestrado;solteiro;menos que $40K;blue;28;5;4;2;1438.39;2392.21;44
719742108;1;38;F;1;ensino medio;solteiro;menos que $40K;blue;26;5;4;2;3554.88;2372.87;44
717208833;1;34;F;3;ensino medio;solteiro;menos que $40K;blue;21;2;2;2;1576.4;2703.95;56
713463708;1;40;F;4;mestrado;solteiro;menos que $40K;blue;25;4;3;2;1438.07;2493.99;42
812406183;1;45;F;4;na;solteiro;menos que $40K;blue;40;5;3;4;1438.68;2207.57;41
720270633;1;40;F;3;mestrado;solteiro;menos que $40K;blue;36;5;1;3;1516.46;2709.3;54
718653333;1;45;F;2;graduacao;solteiro;menos que $40K;blue;33;1;3;3;1833.96;2037.65;31
711724083;1;27;F;0;na;solteiro;menos que $40K;blue;16;6;3;1;1835.37;1903.28;44
713422083;1;30;F;0;mestrado;solteiro;menos que $40K;blue;36;5;3;3;1574.83;2560.99;59
794507133;1;37;F;2;doutorado;solteiro;$40K - $60K;blue;18;4;3;1;1900.36;2880.98;46
767266758;1;41;F;2;ensino medio;solteiro;menos que $40K;blue;34;1;4;3;1661.01;2473.16;49
713594883;1;44;F;2;sem educacao formal;solteiro;na;blue;32;5;3;3;1486.05;2380.18;43
714962658;1;35;M;2;na;solteiro;menos que $40K;blue;36;5;3;3;1931.38;2482.83;40
717429258;1;48;F;3;doutorado;solteiro;menos que $40K;blue;39;3;4;3;1644.57;2450.91;45
713336883;1;61;F;0;ensino medio;solteiro;menos que $40K;blue;36;4;4;3;1760.77;2285.97;46
714475908;1;43;M;2;sem educacao formal;solteiro;$60K - $80K;blue;35;5;2;3;6348.16;1732.46;39
714948858;1;50;F;2;na;solteiro;menos que $40K;blue;36;3;2;2;3647.28;2935.31;58
714188883;1;46;F;5;doutorado;solteiro;menos que $40K;blue;37;3;2;2;1787.44;2345.29;36
708536283;1;35;M;1;doutorado;solteiro;$80K - $120K;blue;27;3;2;2;2904.67;2653.21;46
718826883;1;50;M;3;sem educacao formal;solteiro;$80K - $120K;blue;36;6;2;3;6925.91;2506.77;36
815504583;1;48;F;4;mestrado;solteiro;$40K - $60K;blue;43;3;4;2;1538.63;2275.92;43
713804883;1;46;F;4;doutorado;solteiro;menos que $40K;blue;37;3;2;2;1836.15;1799.33;28
721124658;1;40;M;3;sem educacao formal;solteiro;$80K - $120K;blue;27;4;3;2;3427.23;2625.62;63
720815208;1;52;M;0;ensino medio;solteiro;$120K +;blue;39;5;3;3;34516.11;2395.25;47
798972183;1;49;F;2;na;solteiro;$40K - $60K;blue;43;1;2;3;1643.39;2520.12;38
789880533;1;46;F;4;mestrado;solteiro;$40K - $60K;blue;36;5;4;3;5913.4;2404.29;39
711221958;1;43;F;3;mestrado;solteiro;$40K - $60K;blue;26;3;2;2;2867.59;2646.78;41
712092783;1;47;F;3;doutorado;solteiro;menos que $40K;blue;40;6;3;2;2437.68;2027.04;42
708726708;1;42;F;3;mestrado;solteiro;$40K - $60K;blue;36;6;3;2;1451.95;2192;35
712767858;1;42;F;0;graduacao;solteiro;$40K - $60K;blue;30;5;3;2;1438.8;2181.17;43
712445583;1;33;F;0;graduacao;solteiro;na;blue;15;3;4;1;2299.27;2323.52;47
713891133;1;41;F;2;na;solteiro;menos que $40K;blue;36;3;2;2;1438.72;1890.33;43
712953483;1;64;F;0;mestrado;solteiro;menos que $40K;blue;36;1;4;3;1682.72;1811.73;39
779029458;1;54;F;1;doutorado;solteiro;menos que $40K;blue;35;4;3;3;1724.87;2725.44;47
720130233;1;48;M;2;ensino medio;solteiro;$60K - $80K;blue;36;4;1;3;1641.09;2536.75;45
718279008;1;44;M;3;ensino medio;solteiro;$60K - $80K;silver;36;5;3;2;25276.56;2282.15;38
814091058;1;38;F;1;graduacao;solteiro;menos que $40K;blue;33;6;3;2;3119.02;2492.06;50
710555433;1;42;F;4;mestrado;solteiro;menos que $40K;blue;36;6;2;2;2803.05;2216.92;40
779931783;1;52;M;2;ensino medio;solteiro;$120K +;blue;38;6;3;3;34516.53;2213.51;47
712611108;1;59;F;1;na;solteiro;menos que $40K;blue;53;5;2;6;7501.37;2280.26;49
708316008;1;59;F;1;mestrado;solteiro;na;blue;36;3;3;2;10031.54;1792.26;29
711846183;1;38;F;3;mestrado;solteiro;$40K - $60K;blue;26;3;3;2;2669.7;2271.01;31
720612333;1;44;F;3;graduacao;solteiro;menos que $40K;blue;28;6;2;2;1951.06;2697.38;45
711474333;1;57;F;2;sem educacao formal;solteiro;menos que $40K;blue;51;3;2;5;1614.34;1690.9;38
714014733;1;33;M;2;graduacao;solteiro;$80K - $120K;blue;36;4;2;3;9642.33;2172.72;33
712733958;1;46;F;2;na;solteiro;menos que $40K;blue;36;6;3;3;1731.3;2304.05;46
714960408;1;44;F;3;graduacao;solteiro;menos que $40K;blue;34;4;1;3;1606;2722.98;45
717219933;1;47;F;3;na;solteiro;menos que $40K;blue;35;4;6;3;2402.4;1930.9;48
719986758;1;46;F;2;na;solteiro;$40K - $60K;blue;33;5;6;3;3001.57;2577.17;39
806140383;1;59;M;2;ensino medio;solteiro;$80K - $120K;blue;54;3;2;2;2791.47;2658.86;43
751518633;1;48;M;5;doutorado;solteiro;$120K +;silver;41;5;1;3;34516.8;2260.89;50
818459733;1;41;M;3;doutorado;solteiro;$120K +;blue;26;3;2;2;9220.37;2276.16;32
810271083;1;47;F;3;na;solteiro;$40K - $60K;blue;42;1;3;5;14897.34;2164.18;53
753365883;1;44;F;3;na;solteiro;na;blue;37;3;3;2;1900.6;2298.15;45
809440008;1;39;F;2;ensino medio;solteiro;na;blue;34;3;1;3;2069.04;2716.26;43
718913358;1;36;M;2;mestrado;solteiro;menos que $40K;blue;36;3;3;3;4225.74;2659.12;43
769883733;1;46;M;3;doutorado;solteiro;$40K - $60K;blue;40;3;2;4;2344.86;2098.72;31
711122958;1;41;F;3;mestrado;solteiro;menos que $40K;blue;33;5;3;3;1764.82;2105.87;57
709100283;1;36;F;2;ensino medio;solteiro;na;blue;26;3;2;2;5956.53;2828.06;46
709064208;1;43;F;2;sem educacao formal;solteiro;menos que $40K;blue;32;4;6;3;1628.14;2219.12;49
717255333;1;40;M;3;mestrado;solteiro;$80K - $120K;blue;36;1;2;2;6921.54;2729.23;44
719516208;1;54;M;2;graduacao;solteiro;$120K +;blue;36;3;3;2;34516.96;2329.28;47
766021083;1;55;F;1;graduacao;solteiro;menos que $40K;blue;48;3;3;5;2114.03;2578.39;42
719756133;1;34;M;4;sem educacao formal;solteiro;$60K - $80K;blue;20;3;6;2;3940.31;3257.1;53
717072108;1;50;F;2;na;solteiro;$40K - $60K;blue;36;3;2;3;2762.03;2571.43;44
721460283;1;49;F;3;doutorado;solteiro;menos que $40K;blue;35;5;2;1;2214.58;2144.72;51
772528158;1;55;F;3;na;solteiro;menos que $40K;blue;45;4;4;3;1741.48;2546.28;42
771638733;1;49;M;3;doutorado;solteiro;$40K - $60K;blue;37;5;3;2;4354.92;2750.46;59
814765533;1;44;F;4;ensino medio;solteiro;$40K - $60K;blue;39;4;3;3;10587.17;2971.91;54
712161858;1;55;F;5;na;solteiro;menos que $40K;blue;36;4;3;2;1438.71;2244.23;54
708376983;1;58;F;1;na;solteiro;na;blue;50;5;2;2;8513.68;2119.47;37
779348358;1;52;F;1;sem educacao formal;solteiro;menos que $40K;blue;37;5;4;3;1717.41;3004.82;46
817108083;1;55;M;3;na;solteiro;$60K - $80K;blue;35;3;3;3;14266.24;1625.29;34
713474733;1;51;M;2;mestrado;solteiro;$80K - $120K;blue;31;5;2;3;1438.04;1783.94;40
719098308;1;56;F;2;ensino medio;solteiro;menos que $40K;blue;42;5;2;4;2423.65;2516.83;59
712327608;1;54;F;0;doutorado;solteiro;menos que $40K;blue;36;4;2;3;2708.05;2321.53;45
809616108;1;38;F;2;ensino medio;solteiro;menos que $40K;blue;33;3;3;3;1568.73;2812.08;59
767553333;1;45;M;3;mestrado;solteiro;$80K - $120K;blue;39;1;3;3;8383.29;2600.88;44
713583408;1;51;F;4;mestrado;solteiro;$40K - $60K;blue;37;2;2;3;4708.05;2179.96;50
815539233;1;54;M;4;ensino medio;solteiro;$80K - $120K;silver;49;1;4;3;34516.38;1201.35;22
720872433;1;39;F;1;sem educacao formal;solteiro;$40K - $60K;blue;28;5;6;3;3911.87;2867.1;42
715530258;1;46;F;2;doutorado;solteiro;na;blue;37;1;3;3;4848.88;2353.85;53
708976908;1;40;M;3;doutorado;solteiro;$80K - $120K;blue;36;4;3;4;8958.74;2131.46;43
708186933;1;33;M;1;mestrado;solteiro;$60K - $80K;blue;36;4;2;3;1819.23;2254.65;45
713512308;1;50;F;0;mestrado;solteiro;menos que $40K;blue;41;2;1;3;3423.68;2229.43;45
711201108;1;37;F;3;ensino medio;solteiro;menos que $40K;blue;29;3;3;3;1653.05;2284.83;35
714887808;1;43;F;1;sem educacao formal;solteiro;menos que $40K;blue;36;1;2;3;1818.91;2279.25;50
709714008;1;50;F;1;na;solteiro;na;blue;39;6;3;3;9248.82;2325.74;45
712307283;1;54;M;1;graduacao;solteiro;$120K +;blue;37;6;3;2;9090.11;2239.95;43
779848383;1;37;F;3;mestrado;solteiro;menos que $40K;blue;21;4;2;2;1784.24;2348.13;47
717371583;1;56;F;2;sem educacao formal;solteiro;menos que $40K;blue;36;1;5;3;1883.22;1954.95;45
715304958;1;42;F;3;mestrado;solteiro;menos que $40K;blue;27;6;2;2;2053.06;3053.63;50
789095958;1;50;M;1;na;solteiro;$60K - $80K;blue;38;4;3;3;7603.83;2497.81;42
714213708;1;35;F;3;graduacao;solteiro;menos que $40K;blue;25;4;2;3;3611.43;2178.97;45
713597658;1;36;F;3;sem educacao formal;solteiro;menos que $40K;blue;22;3;1;3;2784.71;2021.49;57
713953383;1;50;M;1;doutorado;solteiro;$60K - $80K;blue;36;4;2;3;2317.26;2214.74;41
716510658;1;50;F;0;doutorado;solteiro;menos que $40K;blue;38;4;3;3;2595.57;2526.96;41
714408933;1;44;M;4;mestrado;solteiro;$80K - $120K;blue;36;4;2;2;10834.25;2249.61;51
710500983;1;43;M;2;graduacao;solteiro;$80K - $120K;blue;34;2;3;4;4617.86;1779.93;35
717666783;1;56;F;3;graduacao;solteiro;menos que $40K;blue;46;1;3;3;2272.64;2354.12;49
720731808;1;52;F;3;mestrado;solteiro;menos que $40K;blue;38;2;4;3;2437.24;3068.79;53
715919283;1;39;F;4;graduacao;solteiro;$40K - $60K;blue;36;3;3;2;1776.23;2201.76;31
712998033;1;37;M;3;ensino medio;solteiro;$120K +;blue;36;3;2;2;7361.09;2109.39;44
716697708;1;61;F;1;ensino medio;solteiro;na;blue;52;3;4;2;3293.04;3121.57;56
779302233;1;40;F;4;mestrado;solteiro;menos que $40K;blue;22;4;3;2;1438.84;2502.54;45
720824883;1;48;F;1;na;solteiro;menos que $40K;blue;40;3;2;1;3251.55;2483.29;50
710438358;1;42;F;1;sem educacao formal;solteiro;menos que $40K;blue;35;4;3;3;3241.83;2152.66;43
713717283;1;40;F;3;na;solteiro;$40K - $60K;blue;29;3;3;3;2473.08;1738.7;32
713822208;1;42;M;2;ensino medio;solteiro;$60K - $80K;blue;33;3;3;3;4836.56;1870.23;45
718230933;1;45;M;4;mestrado;solteiro;menos que $40K;blue;36;5;3;2;1438.62;1253.65;29
711637458;1;44;F;3;ensino medio;solteiro;menos que $40K;blue;36;2;3;3;2228.48;2523.08;45
718090233;1;56;F;3;mestrado;solteiro;na;blue;36;3;3;3;10016.53;2804.4;37
711669258;1;50;F;3;sem educacao formal;solteiro;na;blue;36;2;3;3;3187.4;2381.73;47
778207083;1;53;M;4;sem educacao formal;solteiro;$80K - $120K;blue;44;3;2;3;11561.39;2153.73;39
712130058;1;44;F;4;sem educacao formal;solteiro;na;blue;36;3;4;3;8075.01;2415.99;41
778378983;1;54;F;1;mestrado;solteiro;menos que $40K;blue;34;5;2;2;2939.25;2476.34;42
712448658;1;52;F;1;ensino medio;solteiro;menos que $40K;blue;36;3;2;3;1795.7;2281.21;55
720590058;1;51;F;1;mestrado;solteiro;$40K - $60K;blue;36;3;3;3;8840.69;2839.55;47
719981508;1;37;M;2;sem educacao formal;solteiro;na;blue;24;2;3;2;1649.9;2574.42;51
720766908;1;40;F;2;sem educacao formal;solteiro;menos que $40K;blue;28;2;2;2;3021.51;2814.09;37
719512983;1;47;F;4;mestrado;solteiro;menos que $40K;blue;39;3;6;3;1438.09;2295.57;51
720719883;1;54;F;1;mestrado;solteiro;na;blue;41;3;3;3;1874.92;2535.6;55
793630083;1;39;M;2;ensino medio;solteiro;$120K +;blue;33;1;4;3;1726.11;1804.8;34
712900308;1;44;F;2;graduacao;solteiro;menos que $40K;blue;34;4;3;3;1751.58;2078.55;37
720761208;1;59;M;1;graduacao;solteiro;$120K +;blue;47;2;2;4;4789.96;2496.48;41
788794758;1;46;M;4;mestrado;solteiro;$40K - $60K;blue;28;2;4;2;2979.78;2061.52;38
711150333;1;40;F;3;mestrado;solteiro;menos que $40K;blue;31;5;2;3;2391.93;2857.56;40
713373708;1;54;F;3;na;solteiro;menos que $40K;blue;36;2;3;3;1857.3;2464.5;57
712664658;1;35;F;1;mestrado;solteiro;menos que $40K;blue;30;2;2;2;1649.79;2549.43;54
711873033;1;35;F;3;na;solteiro;na;blue;29;4;3;2;1438.88;2549.99;56
712715208;1;52;M;1;ensino medio;solteiro;$80K - $120K;blue;44;1;2;3;3770.36;2387.46;51
778899708;1;56;F;2;na;solteiro;$40K - $60K;blue;37;2;3;2;2963.77;2919.42;47
771865908;1;48;F;2;mestrado;solteiro;na;blue;37;4;3;2;11750.93;2532.63;48
715162608;1;48;F;2;mestrado;solteiro;menos que $40K;blue;41;4;3;2;2168.72;2499.87;38
797150733;1;44;M;3;na;solteiro;$40K - $60K;blue;38;5;2;2;1643.55;1754.58;39
717489033;1;27;F;0;ensino medio;solteiro;menos que $40K;blue;18;6;4;1;1438.2;2641.79;40
713748708;1;46;F;3;mestrado;solteiro;menos que $40K;blue;37;1;4;2;1438.36;1757.98;44
717409533;1;36;F;2;doutorado;solteiro;menos que $40K;blue;26;1;3;2;1821.97;2824.5;43
711800658;1;42;F;3;ensino medio;solteiro;menos que $40K;blue;36;2;3;3;2145.5;2465.28;42
720401658;1;53;F;3;mestrado;solteiro;menos que $40K;blue;34;5;5;3;1438.85;1985.46;38
720961383;1;47;F;3;sem educacao formal;solteiro;na;blue;36;2;4;3;2952.07;2907.75;60
711691608;1;46;F;4;mestrado;solteiro;menos que $40K;blue;36;2;3;3;2881.37;2450.64;49
708266883;1;34;F;2;mestrado;solteiro;menos que $40K;blue;36;1;3;2;1666.95;2312.76;35
711102858;1;48;F;2;doutorado;solteiro;na;blue;36;4;3;2;3137.57;1618.58;34
711722808;1;51;F;4;mestrado;solteiro;menos que $40K;blue;44;5;3;3;1483.63;2520.16;40
714848958;1;47;F;2;mestrado;solteiro;menos que $40K;gold;37;6;1;2;15109.98;2315.31;43
719305608;1;57;F;3;ensino medio;solteiro;menos que $40K;blue;36;4;3;3;2347.59;2447.71;47
720190083;1;56;F;3;na;solteiro;menos que $40K;blue;39;1;4;3;1632.73;2509.01;47
719449533;1;49;F;3;sem educacao formal;solteiro;$40K - $60K;blue;38;1;3;2;2655.38;2386.89;49
713027058;1;46;F;4;doutorado;solteiro;menos que $40K;blue;36;2;3;2;2292.28;2595.01;31
719821908;1;38;F;2;ensino medio;solteiro;menos que $40K;blue;16;2;2;1;2703.14;2752.62;43
712378983;1;54;M;1;na;solteiro;$80K - $120K;blue;47;5;5;6;7570.3;2599.52;61
717502083;1;41;M;3;doutorado;solteiro;$120K +;blue;28;4;3;2;6314.42;2718.15;44
709102458;1;47;M;2;ensino medio;solteiro;$80K - $120K;blue;36;4;5;3;4754.82;2607.15;41
807946833;1;44;F;2;mestrado;solteiro;menos que $40K;blue;39;6;3;3;1791.8;2771.31;36
717146208;1;59;F;1;mestrado;solteiro;menos que $40K;blue;51;1;4;4;4257.05;2828.04;50
712660308;1;44;F;1;ensino medio;solteiro;menos que $40K;blue;36;2;3;3;1895.85;2472.49;40
712144158;1;53;F;1;mestrado;solteiro;menos que $40K;blue;48;6;3;6;2370.33;2164.75;45
824560758;1;35;F;3;mestrado;solteiro;menos que $40K;blue;31;1;4;3;1678.88;2475.52;61
708190158;1;38;F;3;ensino medio;solteiro;menos que $40K;blue;26;2;0;3;2920.22;2750.31;41
772271508;1;46;F;3;sem educacao formal;solteiro;na;blue;35;2;3;3;1706.17;2320.8;42
711412533;1;40;F;3;ensino medio;solteiro;menos que $40K;blue;35;6;5;3;5492.52;2416.98;45
778191933;1;45;M;3;sem educacao formal;solteiro;$120K +;blue;35;2;5;3;7135.9;2305.54;42
718152333;1;41;F;3;doutorado;solteiro;na;blue;36;2;6;3;2246.2;3607.55;51
785285883;1;49;F;3;mestrado;solteiro;menos que $40K;blue;43;6;4;3;1675.62;2622.45;53
715773783;1;44;F;2;mestrado;solteiro;$40K - $60K;blue;35;2;4;3;4196.47;2558.07;38
712747758;1;50;F;4;sem educacao formal;solteiro;menos que $40K;blue;36;2;3;2;2477.05;2037.81;43
750995508;1;41;M;3;na;solteiro;$60K - $80K;blue;32;1;3;3;4697.68;1679.51;29
709222008;1;41;M;3;na;solteiro;$80K - $120K;blue;32;1;4;3;4742.58;2422.72;41
721426383;1;36;F;3;na;solteiro;menos que $40K;blue;36;4;0;3;1558.57;2424.38;40
708416433;1;41;F;1;ensino medio;solteiro;menos que $40K;blue;36;4;2;3;2372.36;2499.84;41
779183958;1;45;F;2;mestrado;solteiro;menos que $40K;blue;33;1;4;3;1492.71;2469.33;38
767404083;1;52;M;2;mestrado;solteiro;$60K - $80K;blue;45;2;3;3;3460.49;2355.19;47
796083783;1;55;F;2;graduacao;solteiro;na;blue;49;1;6;0;1438.38;2278.68;57
778441533;1;45;F;4;ensino medio;solteiro;na;blue;26;6;2;2;4549.94;2240.92;34
708885558;1;56;F;1;ensino medio;solteiro;menos que $40K;blue;48;1;2;5;3556.68;2220.59;45
719759733;1;59;F;0;na;solteiro;$40K - $60K;blue;52;2;3;4;1852.6;2851.04;49
822170733;1;45;F;4;graduacao;solteiro;menos que $40K;blue;41;6;2;3;3785.98;2401.2;54
772286658;1;63;M;1;mestrado;solteiro;$60K - $80K;blue;52;6;3;4;14324.55;2083.76;56
720460083;1;45;F;4;na;solteiro;na;gold;27;1;3;2;34516.66;2198.78;42
717874533;1;46;M;2;ensino medio;solteiro;$40K - $60K;blue;36;5;2;2;6362.72;1968.28;51
712136058;1;54;F;2;graduacao;solteiro;na;blue;36;1;3;3;8827.73;2643.78;50
714276408;1;52;F;3;sem educacao formal;solteiro;$40K - $60K;blue;36;2;3;3;1915.7;2264.25;39
711232608;1;47;F;5;ensino medio;solteiro;menos que $40K;blue;36;2;2;3;1636.52;2235.97;35
721274208;1;41;F;2;ensino medio;solteiro;menos que $40K;blue;36;4;3;3;2201.46;2408.88;38
802668333;1;49;M;2;mestrado;solteiro;$80K - $120K;blue;43;2;3;3;2384.51;3512.46;50
789312033;1;48;F;4;doutorado;solteiro;menos que $40K;blue;38;3;3;3;3874.1;4921.65;51
713425383;1;59;F;1;ensino medio;solteiro;menos que $40K;blue;46;2;2;3;7484.31;4923.04;56
708419733;1;47;M;3;graduacao;solteiro;$60K - $80K;blue;39;5;2;3;22599.25;4739.04;55
716329383;1;46;F;3;mestrado;solteiro;menos que $40K;blue;36;4;3;2;3138.91;4724.28;56
715327683;1;45;F;4;doutorado;solteiro;menos que $40K;blue;36;1;3;3;4478;4996.14;55
718958583;1;44;M;4;doutorado;solteiro;$80K - $120K;blue;36;5;2;3;2367.86;4506.07;59
712075083;1;50;M;4;ensino medio;solteiro;$120K +;blue;41;4;3;3;6982.58;4830.06;50
811700058;1;41;M;2;mestrado;solteiro;$60K - $80K;gold;36;2;3;3;34516.43;4822.02;57
720164358;1;53;F;4;mestrado;solteiro;$40K - $60K;blue;43;1;2;3;6058.02;4754.73;60
711325308;1;46;M;3;na;solteiro;$80K - $120K;blue;34;4;3;3;9959.93;4859;64
720891633;1;53;F;2;ensino medio;solteiro;menos que $40K;blue;46;6;2;1;3199.44;4805.83;59
769152783;1;60;F;2;ensino medio;solteiro;menos que $40K;blue;54;1;2;6;8141.05;5043.14;53
779315508;1;43;M;4;doutorado;solteiro;$40K - $60K;blue;25;1;2;2;9043.44;4638.39;48
789560433;1;49;M;3;doutorado;solteiro;$60K - $80K;blue;42;2;2;4;14895.13;5147.9;53
771097683;1;43;M;2;ensino medio;solteiro;$120K +;blue;30;1;2;2;10896.05;4935.34;58
780450708;1;58;M;1;graduacao;solteiro;$120K +;silver;45;1;2;3;34516.45;4864.7;48
720939933;1;46;F;4;na;solteiro;menos que $40K;blue;33;5;5;3;2879.09;4684.56;56
716212383;1;38;M;1;ensino medio;solteiro;$120K +;blue;30;5;3;3;10874.41;4619.36;59
757667133;1;54;M;2;graduacao;solteiro;$80K - $120K;blue;47;2;2;2;13769.7;4738.24;53
714938733;1;48;M;1;doutorado;solteiro;$80K - $120K;blue;38;4;2;2;13174.51;4890.59;49
716199408;1;52;F;2;mestrado;solteiro;na;blue;41;2;3;3;3608.44;4907.74;53
790051758;1;50;M;2;mestrado;solteiro;$120K +;blue;42;2;2;1;31782.15;4800.78;53
807393558;1;51;M;4;na;solteiro;$120K +;silver;46;2;3;3;34516.47;4615.83;49
711167808;1;40;M;4;na;solteiro;$60K - $80K;blue;30;4;6;3;18975.23;4803.75;65
793608258;1;54;F;3;mestrado;solteiro;menos que $40K;silver;48;1;2;5;13432.62;4909.45;50
713003358;1;40;M;3;mestrado;solteiro;$80K - $120K;blue;30;2;2;2;29338.91;4983.48;40
711742758;1;43;F;5;graduacao;solteiro;$40K - $60K;blue;32;2;1;3;11508.89;5242.86;74
711332883;1;62;M;1;ensino medio;solteiro;$60K - $80K;blue;46;2;3;3;7547.98;5294.11;73
719071158;1;54;F;0;mestrado;solteiro;na;platinum;38;2;2;2;34516.28;3901.4;54
719714658;1;61;M;0;doutorado;solteiro;$60K - $80K;blue;43;5;2;3;12218.81;5272.76;62
716858433;1;43;F;4;mestrado;solteiro;menos que $40K;blue;32;4;1;3;3015.97;5372.36;75
710958933;1;43;M;3;mestrado;solteiro;$40K - $60K;blue;35;5;2;3;6080.56;4866.02;56
720698883;1;51;M;1;ensino medio;solteiro;$80K - $120K;blue;38;2;3;3;28605.74;5524.39;67
714190983;1;51;F;2;mestrado;solteiro;na;platinum;32;2;3;3;34516.81;5418.78;65
742865883;1;46;F;3;na;solteiro;$40K - $60K;blue;39;4;3;3;9110.85;5290.91;69
798553158;1;62;F;1;mestrado;solteiro;menos que $40K;blue;56;1;1;2;3109.4;5470.67;72
711613308;1;58;M;2;na;solteiro;$60K - $80K;blue;48;2;2;1;2236.34;2562.32;38
718558758;1;34;M;1;na;solteiro;$80K - $120K;blue;22;1;2;2;3711.93;3922.05;51
813804783;1;41;F;1;ensino medio;solteiro;$40K - $60K;blue;36;4;3;3;2667.14;4399.47;54
718732833;1;56;F;1;graduacao;solteiro;menos que $40K;blue;48;4;2;2;2783.86;3967.75;42
820666083;1;41;M;2;mestrado;solteiro;$120K +;blue;37;5;4;3;27742.48;8646.37;85
712044558;1;51;F;1;sem educacao formal;solteiro;menos que $40K;silver;41;6;3;2;14563.77;6408.17;70
713131158;1;58;M;2;sem educacao formal;solteiro;$80K - $120K;blue;46;1;1;3;10286.89;8199.2;59
709319658;1;48;F;4;mestrado;solteiro;menos que $40K;platinum;37;5;4;3;15987.38;7681.09;71
710161083;1;62;F;0;sem educacao formal;solteiro;menos que $40K;blue;36;6;3;3;5780.98;6613.4;40
715799808;1;52;M;0;ensino medio;solteiro;$60K - $80K;blue;39;4;2;3;3764.26;6574.23;69
718458858;1;41;M;4;mestrado;solteiro;$80K - $120K;silver;29;2;6;3;34516.58;3526.42;53
715630983;1;31;F;0;mestrado;solteiro;menos que $40K;blue;21;4;3;2;4598.81;6317.86;77
712768983;1;51;M;4;mestrado;solteiro;$80K - $120K;silver;42;6;2;4;34516.24;8629.16;65
717529233;1;40;F;3;mestrado;solteiro;menos que $40K;blue;30;4;2;3;3319.41;4840.94;44
711794358;1;61;M;0;graduacao;solteiro;$80K - $120K;blue;50;2;3;4;21398.25;3119.38;53
716260833;1;56;F;5;na;solteiro;menos que $40K;blue;36;6;5;3;4668.88;8331.17;63
719694408;1;30;F;1;graduacao;solteiro;menos que $40K;blue;36;4;6;3;4541.63;7996.56;80
716863458;1;44;M;2;sem educacao formal;solteiro;$80K - $120K;silver;36;2;3;3;34516.37;8570.12;68
766821033;1;61;M;0;na;solteiro;$120K +;blue;46;6;3;3;4650.44;7976.7;74
714615258;1;32;M;1;ensino medio;solteiro;$40K - $60K;blue;36;6;2;3;4819.81;9330.4;64
710455608;1;40;M;3;ensino medio;solteiro;$80K - $120K;blue;36;2;2;3;4620.54;6644.45;61
713514633;1;59;M;2;mestrado;solteiro;$60K - $80K;blue;50;2;2;4;6224.78;8291.46;69
716124408;1;32;M;2;mestrado;solteiro;$120K +;gold;22;2;3;2;34516.23;7486.82;64
800758233;1;30;M;0;graduacao;solteiro;$60K - $80K;blue;24;6;2;2;4109.49;8642.56;77
709259958;1;53;F;1;mestrado;solteiro;menos que $40K;blue;44;1;2;3;5541.95;9195.81;73
770220558;1;57;M;3;na;solteiro;$60K - $80K;blue;51;1;1;6;5859.79;8004.09;82
709075533;1;41;M;5;sem educacao formal;solteiro;$80K - $120K;blue;32;4;3;3;12094.68;8607.68;90
714361083;1;40;F;2;graduacao;solteiro;menos que $40K;blue;36;4;3;2;5989.43;5843.76;60
709928358;1;40;M;3;mestrado;solteiro;$80K - $120K;blue;20;1;2;2;32554.24;8528.67;87
712265508;1;32;M;0;doutorado;solteiro;$40K - $60K;blue;14;1;3;1;4015.16;8363;65
715051608;1;34;M;2;ensino medio;solteiro;$60K - $80K;blue;36;2;2;3;9719.06;9183.48;51
712895733;1;40;M;4;sem educacao formal;solteiro;$80K - $120K;blue;36;6;2;3;34516.12;8659.39;81
719629308;1;55;F;2;na;solteiro;na;silver;37;2;3;2;34516.41;8472.96;80
754443033;1;50;M;1;mestrado;solteiro;$80K - $120K;silver;43;6;3;3;34516.04;9045.37;72
720512433;1;56;M;1;sem educacao formal;solteiro;$60K - $80K;blue;36;6;3;4;15219.43;7625.96;78
710878308;1;50;F;4;mestrado;solteiro;menos que $40K;blue;37;1;3;2;3699.68;7297.52;71
712010358;1;49;M;4;mestrado;solteiro;$80K - $120K;blue;36;2;2;3;3999.89;7567.43;76
711432258;1;55;M;3;mestrado;solteiro;$60K - $80K;blue;46;2;2;4;4178.03;7914.95;54
708354858;1;51;M;2;na;solteiro;$120K +;blue;42;2;2;4;14938.73;8192.95;80
719767683;1;46;M;0;graduacao;solteiro;$80K - $120K;blue;39;2;3;3;16983.55;8526.15;79
713269533;1;42;M;2;graduacao;solteiro;$80K - $120K;blue;36;1;1;3;9959.99;8847.84;85
789684258;1;57;M;2;doutorado;solteiro;$80K - $120K;silver;43;2;3;3;34516.22;7842.5;61
769396158;1;55;M;1;graduacao;solteiro;$80K - $120K;blue;43;2;3;2;24884.57;5107.25;53
716717733;1;55;F;3;sem educacao formal;solteiro;menos que $40K;blue;47;2;4;5;4841.74;8918.21;87
715113933;1;54;M;1;na;solteiro;$80K - $120K;blue;36;2;2;3;11077.95;8165.57;87
715714458;1;48;M;5;mestrado;solteiro;$40K - $60K;blue;38;2;3;3;4446.04;8753.25;76
769667583;1;34;M;3;doutorado;solteiro;$40K - $60K;blue;28;2;2;3;3744.66;8202.25;69
715645908;1;59;M;0;ensino medio;solteiro;$80K - $120K;gold;48;5;6;2;34516.58;8480.43;71
778643733;1;48;F;1;sem educacao formal;solteiro;$40K - $60K;gold;28;3;1;2;23981.46;9140.6;64
710980383;1;53;M;3;ensino medio;solteiro;$80K - $120K;silver;33;2;3;2;34516.9;6361.36;74
709971708;1;51;F;1;ensino medio;solteiro;na;blue;41;3;2;3;9701.1;9404.11;62
720565458;1;43;M;2;doutorado;solteiro;$60K - $80K;blue;36;2;3;3;17306.82;6205.23;65
715496058;1;41;F;4;sem educacao formal;solteiro;menos que $40K;gold;36;3;3;3;15987.61;7832.2;73
718297683;1;59;F;1;ensino medio;solteiro;menos que $40K;blue;50;1;3;0;4085.98;7597.16;71
719118708;1;49;F;3;na;solteiro;menos que $40K;blue;37;2;2;2;5855.3;9202.76;80
826245858;1;50;M;2;mestrado;solteiro;$80K - $120K;silver;40;3;6;4;34516.67;7661.28;79
711746133;1;50;M;1;na;solteiro;$120K +;blue;37;4;2;3;32563.65;9220.16;81
708496833;1;60;M;1;ensino medio;solteiro;menos que $40K;blue;50;4;5;4;4613.88;8970.33;78
710155983;1;52;M;1;na;solteiro;$40K - $60K;blue;36;3;4;3;4826.75;8585.65;62
713318733;1;32;M;0;graduacao;solteiro;$60K - $80K;blue;24;3;3;2;4097;8376.76;64
712441308;1;41;F;4;na;solteiro;na;blue;25;2;3;2;29295.6;9865.27;65
711161133;1;36;F;2;na;solteiro;menos que $40K;blue;36;2;3;3;6071.83;9338.43;59
717457008;1;43;M;3;sem educacao formal;solteiro;$40K - $60K;blue;36;3;3;3;9267.57;7991.83;90
712841883;1;50;M;3;graduacao;solteiro;$80K - $120K;silver;36;3;2;3;34516.78;7155.62;66
719582058;1;41;M;3;doutorado;solteiro;$80K - $120K;blue;29;2;3;2;24001.08;9102.95;75
780511683;1;47;M;3;mestrado;solteiro;$40K - $60K;blue;34;4;3;3;4413.33;7869.45;76
753220383;1;29;M;0;mestrado;solteiro;$120K +;blue;22;2;3;2;11722.02;8302.74;78
720827133;1;43;F;3;doutorado;solteiro;menos que $40K;blue;30;1;2;2;6261.78;8132.06;64
716721483;1;59;M;0;sem educacao formal;solteiro;$40K - $60K;blue;52;1;2;2;14458.93;8696.01;72
710527533;1;45;M;5;graduacao;solteiro;$40K - $60K;blue;36;4;3;3;4982.59;8586.45;58
709996833;1;31;M;1;doutorado;solteiro;menos que $40K;silver;36;6;5;3;12359.02;7528.38;70
714022833;1;42;F;2;mestrado;solteiro;$40K - $60K;silver;32;4;3;3;17909.43;5977.25;58
711156858;1;48;F;5;ensino medio;solteiro;menos que $40K;blue;40;1;3;4;8297.03;9819.14;74
708319908;1;37;M;3;mestrado;solteiro;$80K - $120K;blue;17;1;2;1;4116.79;8667.02;70
714082308;1;39;M;3;ensino medio;solteiro;$80K - $120K;blue;13;2;3;1;8656.01;8056.97;89
714820158;1;29;M;0;ensino medio;solteiro;$40K - $60K;blue;36;6;1;3;5988.12;10211.08;68
713347608;1;54;F;2;doutorado;solteiro;menos que $40K;blue;43;2;2;3;4917.99;9442.1;69
718080558;1;41;F;4;ensino medio;solteiro;menos que $40K;blue;36;6;3;3;4720.55;8798.5;67
713880633;1;53;M;2;na;solteiro;$60K - $80K;blue;43;2;3;2;5905.65;8883.44;83
710639658;1;29;M;1;ensino medio;solteiro;$60K - $80K;blue;17;6;3;1;17744.78;9658.29;78
718665033;1;44;M;5;doutorado;solteiro;$60K - $80K;silver;36;2;4;3;34140.14;8177.31;76
771561183;1;42;F;4;mestrado;solteiro;$40K - $60K;blue;30;6;3;3;13753.47;7464.08;66
712036383;1;49;M;4;ensino medio;solteiro;$60K - $80K;blue;30;6;3;3;18418.91;9980.96;68
708821733;1;43;F;3;na;solteiro;$40K - $60K;silver;36;2;4;3;19713.89;8301.83;70
710751033;1;31;F;1;mestrado;solteiro;menos que $40K;blue;13;1;3;1;4829.63;8286.32;65
710679933;1;59;M;1;mestrado;solteiro;$80K - $120K;blue;54;2;4;5;15633.12;8660.78;58
717174558;1;57;F;1;sem educacao formal;solteiro;menos que $40K;blue;46;2;3;3;9129.34;7733.2;81
714543633;1;45;F;3;na;solteiro;menos que $40K;blue;36;1;5;2;7500.8;8024.83;78
713668158;1;31;F;1;sem educacao formal;solteiro;na;blue;36;2;3;3;21067;9212.63;71
709249083;1;40;M;2;na;solteiro;$60K - $80K;blue;20;4;4;2;4283.27;8672.54;64
710081208;1;52;M;2;graduacao;solteiro;$120K +;blue;32;4;1;3;4935.05;7886.75;64
710047533;1;51;M;3;mestrado;solteiro;$80K - $120K;gold;36;4;3;3;34516.21;8614.5;63
712766208;1;45;M;5;sem educacao formal;solteiro;$120K +;silver;36;4;1;2;34516.47;8603.68;84
715150983;1;44;F;3;na;solteiro;na;blue;34;2;3;3;26021.45;8898.51;60
714919308;1;32;F;0;mestrado;solteiro;menos que $40K;blue;36;5;3;3;8135.17;8620.59;67
709660233;1;52;M;3;na;solteiro;$80K - $120K;blue;44;1;4;2;3526.6;7775.83;63
712509108;1;46;F;3;doutorado;solteiro;menos que $40K;gold;36;1;5;3;15164.79;8356.07;68
711745233;1;30;F;0;ensino medio;solteiro;na;blue;22;1;4;2;13894.77;9351.12;69
712457208;1;58;M;1;mestrado;solteiro;$80K - $120K;blue;36;6;4;3;22718.92;8100.05;77
714945708;1;33;M;4;graduacao;solteiro;$40K - $60K;silver;20;2;3;1;15977.73;7745.28;64
718840833;1;49;M;3;ensino medio;solteiro;$40K - $60K;blue;36;1;4;3;4601.33;9610.24;76
709566408;1;40;F;2;mestrado;solteiro;menos que $40K;blue;30;5;6;3;4458.98;9640.36;70
789497283;1;50;M;2;ensino medio;solteiro;$120K +;blue;42;1;2;3;34162.75;7572.58;56
714677583;1;50;F;3;doutorado;solteiro;na;blue;36;4;3;3;5173.31;8757.24;68
720128658;1;49;M;1;sem educacao formal;solteiro;$120K +;blue;30;5;3;3;5181.12;8943.32;68
770038983;1;37;M;4;ensino medio;solteiro;$60K - $80K;silver;31;1;3;3;28831.18;8688.68;69
714684108;1;31;M;1;doutorado;solteiro;$40K - $60K;blue;24;4;4;2;4169.44;8565.37;70
779134458;1;33;F;1;doutorado;solteiro;menos que $40K;blue;15;1;3;1;3709.71;8130.77;74
710066133;1;30;M;0;mestrado;solteiro;menos que $40K;silver;36;4;3;3;12833.59;9619.18;75
713281833;1;37;M;3;na;solteiro;$40K - $60K;blue;29;6;3;2;13589.29;9456.24;79
716644008;1;55;M;3;mestrado;solteiro;$120K +;silver;36;4;4;3;34516.78;9931.21;70
713924283;1;61;M;0;mestrado;solteiro;$60K - $80K;blue;54;2;4;1;11859.54;8930.16;79
716893683;1;55;F;3;sem educacao formal;solteiro;na;blue;47;4;3;3;14657.85;6009.18;53
